{"sigma": 0.75, "states": 10, "transition_matrix": [[-1.7201004948735534, 0.08818334425834848, 0.24763336063428207, 0.24554313897173397, 0.07764835362741143, 0.20556011665265275, 0.18356433962198523, 0.27795816889905206, 0.30245476703457425, 0.0915549051735131], [2.076402518396171, -7.7140793737774205, 1.715398602306191, 0.09618777014389043, 0.0992674577929748, 0.2437741311068449, 0.15164273673347603, 1.1886604610646352, 0.5851142804801784, 1.5576314157530577], [0.13968409822460615, 0.25111776997482393, -4.37846674118259, 0.8494233409978775, 0.8237771730782271, 0.6157903261854363, 0.7731952590190158, 0.07396731343824499, 0.20611646965504477, 0.6453949906093134], [0.3327601892988942, 0.5042151991045377, 0.2891977198163313, -3.1856699841956964, 0.2884680973939377, 0.29247857612876094, 0.09229396513452205, 0.46168125628147777, 0.3960200261500626, 0.5285549548871721], [1.0506837063683243, 0.5114884827714454, 0.449519800666018, 0.09147297880746337, -3.7934239433648314, 0.4710155536937413, 0.4643949427264693, 0.08292179611819482, 0.49839093400480805, 0.173535748208367], [0.9433799830012856, 0.6038127264888404, 0.7964133810056525, 1.1690141936757095, 2.0084669535415847, -9.768269655958028, 0.47537726428181504, 1.2395966750568592, 0.8055560468529416, 1.7266524320533398], [0.9432895731304338, 0.07525474851001449, 0.20345106043591044, 0.32372847512003244, 0.8819202438221567, 0.48570638819828776, -4.71508159052109, 0.7561785731092978, 0.4046289589876362, 0.6409235692073207], [1.583137775513981, 0.9184364838982758, 1.1741752110410033, 0.17700933535735716, 1.5391999030766446, 1.1596208083932105, 1.2232353300772576, -9.998777473598585, 1.075694303867578, 1.1482683223732792], [0.05635898793041333, 0.6488460504337176, 0.6623270779741754, 0.5581855439708749, 0.2652122945926616, 0.3329525748516905, 0.4355145285588783, 0.285364778610485, -3.5888805916678646, 0.34411875474496756], [0.26014972073212034, 1.6238061180209784, 0.8776661571610912, 0.8933299339044257, 0.4944035820752876, 1.14325934230085, 0.7179333140929107, 0.4431207628111247, 0.35676176826668504, -6.810430699365474]]}