{"sigma": 1.0, "states": 5, "transition_matrix": [[-1.899874523476555, 0.7012888751215194, 0.3518899063249804, 0.7179545421610035, 0.12874119986905194], [0.08034510833200453, -1.4514575643312315, 0.7156281539350384, 0.37244954763564375, 0.28303475442854475], [0.5868600097627926, 1.044540055274807, -2.8373520475874137, 0.19612352200430902, 1.0098284605455048], [0.9908953291445389, 1.5492239553482867, 1.2447503608876163, -4.502577783982996, 0.717708138602555], [0.5476524921206349, 0.46633314738684867, 1.0707543270663065, 0.8798373098507284, -2.9645772764245186]]}