{"sigma": 0.75, "states": 10, "transition_matrix": [[-5.55610529567488, 0.8301993416207508, 0.17134372043226775, 0.09183418561545281, 0.8980726022482873, 0.9772354480109767, 0.8806678376098802, 0.6067436206515775, 0.488722177874569, 0.6112863616111179], [0.9263944952387428, -8.556919177572537, 0.48791341869773075, 2.659692920778768, 0.3970949986153417, 0.04062369011771308, 0.02104639661735712, 0.33994842938764225, 3.518456620475055, 0.16574820764418455], [0.05377354747786313, 0.4935483525845719, -4.60639706603185, 0.29040585532993235, 0.8066735281110942, 0.6842596347452644, 0.2869615416326557, 0.8743507716476366, 0.918497665973178, 0.19792616852965306], [0.13341109923822303, 0.12093460056541065, 0.8941095567330233, -3.9923017367408917, 0.6655784809411248, 0.9767920307391963, 0.8599887030844472, 0.31534467926456566, 0.0253347675163841, 0.0008078186585163962], [1.1960047517927745, 1.0098986507476966, 0.15311736411081356, 0.8658299603141514, -8.25477439604056, 0.4516609970570645, 1.3712975204928752, 0.7444766395678948, 1.3875083472163503, 1.0749801647409412], [1.3269394015205442, 1.435110434576769, 1.098882713102533, 0.6125768744926213, 0.1632525965870124, -7.5865402915596825, 0.595902387222516, 0.9400411768856823, 0.7847679757667808, 0.6290667314052241], [0.3296505231486295, 0.01937534244600448, 0.8761764716980842, 0.6225211369332126, 0.063792901553769, 0.46620284066567336, -4.511251985968025, 0.5355967664060659, 0.9231035625244851, 0.674832440592101], [0.791815668880996, 0.6388425524180489, 0.9490623632028072, 0.14388159257502503, 0.9549097284687381, 0.6065750653624074, 0.8396491900288946, -6.435945805440738, 0.4452662805147665, 1.0659433639890545], [0.15318867253869708, 0.6809200340378039, 1.8077092083419715, 1.8524337199685361, 0.2791436042891034, 0.546289185736336, 1.5955709457856337, 1.045881093207482, -9.601123295088561, 1.639986831182997], [0.5989855897470867, 0.6351249748555993, 1.2907214940560239, 0.7117363771495661, 0.981509894851893, 0.5512637001108784, 0.7931238920765225, 1.1182003123859439, 0.5846415842999498, -7.265307819533464]]}