{"sigma": 1.0, "states": 5, "transition_matrix": [[-3.245205520601937, 0.7930019259674149, 2.010580969135093, 0.07579823516423359, 0.3658243903351927], [0.08018259355624537, -2.465401663102123, 0.7865272314629621, 1.425042742357621, 0.17364909572529413], [0.5728484899069175, 0.4510222653974903, -2.4983457830441904, 0.425826780879826, 1.0486482468599567], [0.3982838887147889, 0.2618708624652517, 0.26239717052745143, -1.2557390978020373, 0.3331871760945452], [0.6048393904651426, 0.5578908040587638, 1.1918034263008808, 0.43752234411432167, -2.792055964939109]]}