{"sigma": 0.75, "states": 20, "transition_matrix": [[-9.658213106992378, 0.8177591772276628, 0.23052440139040103, 0.41820367457228946, 0.043727302837523956, 0.6126251099248748, 0.5284381111157818, 0.28996976264050023, 0.3382755012755549, 0.9978783886338195, 0.5303907581996301, 0.28068564582329814, 0.9544368097212869, 0.5446877589623274, 0.289059825405935, 0.1783346259063951, 1.0854788612492843, 1.0140267195265256, 0.38129462798382363, 0.12241604459546357], [0.06857703089775245, -4.750080878151985, 0.004945790831899677, 0.5327338317096676, 0.21095485450626233, 0.1287568239922694, 0.484331694494604, 0.3442201136549101, 0.3236532579634702, 0.15675013059043383, 0.3266009411345759, 0.4020143835360727, 0.18262594773023136, 0.23197071058325208, 0.2657822936282805, 0.026690101552584177, 0.2911624222264934, 0.24739413261170645, 0.340637349024806, 0.1802790674827122], [0.26448493017078156, 0.12229140248906906, -4.553908638311068, 0.052365110799005576, 0.048654945962402905, 0.4178863880689674, 0.4921375379983567, 0.07717127379402612, 0.2532306999143447, 0.2819553855962003, 0.013295015424576355, 0.15314712529747584, 0.3348756677402794, 0.112199044448732, 0.29324289807246984, 0.3162163163682556, 0.26506214649981263, 0.4429966511513322, 0.4970068748913092, 0.11568922362367007], [0.37229247460803755, 0.12174425426025463, 0.133185660063121, -7.857690157450011, 0.8294503488193983, 0.07030209520324189, 0.6217239100615376, 0.8917369917313775, 0.578113069884152, 0.23726212252438791, 0.41903025507347225, 0.6449093570028633, 0.5394379966808108, 0.39277513620542376, 0.032742444830491206, 0.15522245885921096, 0.7963448439730474, 0.1431067177466639, 0.18396413089641603, 0.6943458890261034], [0.12481850903207328, 0.4007698588965042, 0.3696987046567889, 0.13171104587599694, -5.581729879151224, 0.06789823153704137, 0.34690682648723453, 0.30725793268584844, 0.5322516115700672, 0.20549149643129466, 0.28575370904364655, 0.027647124735827366, 0.14376582766378812, 0.4469278598914132, 0.18832391237364832, 0.02274826105734304, 0.37604842097454577, 0.5179044017384237, 0.5038987382295407, 0.5819074062701974], [0.18661267740299273, 0.09789735401754811, 0.2019789882534143, 0.20199591874526854, 0.11951341689488387, -2.660425086847715, 0.0368976829562248, 0.1808694409539715, 0.14906154308208633, 0.18574069832330603, 0.18264964122628385, 0.1612738767980707, 0.1495685934258798, 0.045107414781755194, 0.10065047150282554, 0.13082556402763285, 0.17197821561759172, 0.11983911468977251, 0.20437154426317203, 0.03359292988503462], [1.444562080383834, 0.0971495633000112, 0.43463694170041756, 0.45205191228190467, 1.5970461754150882, 1.8385542045283618, -16.893307218689543, 0.565014522361906, 0.8712212692728495, 0.43872337860820926, 0.04171097207379434, 1.2402675677975494, 0.9117914148318856, 1.1975866200723817, 0.5060970295111796, 0.3239966909022304, 1.0986691183059678, 1.1432061031825702, 1.9096999272530717, 0.7813217269063296], [0.6613598282991703, 0.5015799099367382, 0.285544967916711, 0.4855812173998356, 0.6680159289936861, 0.2814802280768553, 0.6068686865578236, -8.270958069782669, 0.7434860868453207, 0.593675020482235, 0.3848662878598066, 0.4852617136693624, 0.4010751742255386, 0.09630318033194078, 0.749615735418205, 0.5158519827048448, 0.07234631686452844, 0.043245283184044046, 0.551668902876058, 0.14313161813996325], [0.10950618600776266, 0.6296311064061707, 0.8670493889586297, 0.8805203554549283, 0.7742169856668406, 0.8460300283931822, 0.47760477839816845, 0.7953327159386716, -9.383053875597893, 0.12436102186534209, 0.019591749685834613, 0.1459512350551727, 0.48743805756842135, 0.8303280125364871, 0.10307214143537435, 0.018730622873912896, 0.42405018292561214, 0.6046117256581652, 0.5895959400432451, 0.6554316407259717], [0.07133534059140133, 0.13846695078400836, 0.17378415807443845, 0.2135854958384073, 0.05287302728116258, 0.11052252713346081, 0.21031082386704966, 0.13492329351062643, 0.24421963738467134, -3.2751450119211545, 0.10619899437487396, 0.05239718090609404, 0.2529014293981584, 0.05662203297114843, 0.2849205389701895, 0.15253619128266055, 0.2619480435225187, 0.260358328218596, 0.2045817938869853, 0.2926592239247035], [0.08029865362573627, 1.3552417579719698, 0.02972386471925759, 0.23992783238096352, 0.8660335393710722, 0.6779722055324097, 0.7386854857166668, 0.6497754837774453, 0.9911601111950649, 0.8778949510213904, -14.989717160766329, 0.6460328642022829, 1.0072666743592729, 0.8291195516474131, 1.336129223883142, 1.1253887289525546, 0.6429663710527644, 1.4143686897425765, 1.404727845329274, 0.0770033262850671], [0.579811197250718, 0.21345253232015618, 0.4750182234123374, 0.033640406464304634, 0.40519161581368324, 0.6373511781894966, 0.022820987802874528, 0.36038952034623084, 0.13768934748362183, 0.00039818277966293726, 0.652745212906415, -7.016014339066179, 0.6149426445822735, 0.5168997878285442, 0.47153006953089927, 0.6094436497924832, 0.11754907914460347, 0.3263389238687149, 0.7738993493859082, 0.06690243016325162], [0.4605805516021818, 0.10597375389336056, 0.20161761008636514, 0.8780619176147467, 1.399440974855481, 0.6760412294632363, 0.7617022171836494, 0.5827270455993566, 0.4446059704111614, 1.234378597911207, 1.4966917724440048, 1.2690571676661908, -14.275880964265504, 1.5098067105302329, 0.33297622044732567, 1.1773740120493577, 0.14544631809063158, 0.4183399042845496, 1.0062060320536506, 0.17485295807881093], [0.1331295786023672, 0.2630584530398784, 0.34610602940793556, 0.03335374784643047, 0.7639002315241892, 0.37489524216636533, 0.011611178059260017, 0.7583597083128704, 0.32839159632280385, 0.8603294493765063, 0.5028133378209382, 0.6760284980837192, 0.6844197172399525, -8.93441055281906, 0.22454307122584838, 0.5325357807525953, 0.5064624877122, 0.37964579402697834, 0.8414270257672773, 0.7133996255309452], [0.024125616858259136, 1.6663778736078314, 0.7816510998074879, 1.3164920019384978, 2.257071649860935, 1.3628055883888839, 0.680086803726827, 1.3017346462259198, 0.6168018992279736, 0.0967548333116013, 1.3213089842047874, 0.7569052311218681, 1.443186971438233, 0.6044195783150617, -17.98382184932037, 0.3302259435288635, 0.6695768598508002, 1.2995919719876035, 0.11579794098621372, 1.3389063549327211], [0.2529984171566184, 0.29459329101842485, 0.030272214779736604, 1.3374808922822818, 1.5174174330986665, 0.2483466729995687, 0.880737896148982, 0.2149033421506401, 0.2922394504030937, 1.3063287352765154, 1.227336477060964, 1.0188199436346779, 1.0292025599606818, 1.2865441655171213, 0.500758722760006, -14.709212602416686, 1.0423621903077318, 0.12612516574401306, 0.6002382240231927, 1.5025068080937667], [0.10050882022657516, 0.07378041005030296, 0.10205697456547762, 0.11887072291889203, 0.024755599521072758, 0.22949294040408216, 0.021281503368350118, 0.19377308903436877, 0.2589938744712463, 0.28432933819198614, 0.00551552429143062, 0.004252065923061309, 0.212616059530464, 0.15135534189237304, 0.04277387678972138, 0.016386004863350494, -2.2912648950252117, 0.317175747445765, 0.1007560337060161, 0.032590967830676464], [0.18174637931387594, 0.37542471060272176, 0.18511587276935804, 0.2487801896870193, 0.1749766871574421, 0.3159069281980392, 0.354465909479836, 0.04960791938757426, 0.4540883950871433, 0.2695133705525935, 0.02511418501953656, 0.09119482174021531, 0.3261998996716854, 0.08604202944625161, 0.24017362933331238, 0.06810885572656386, 0.29477223927931745, -4.187603301015034, 0.10043642242505321, 0.3459348561374957], [0.48145511186970047, 1.8772136332795795, 0.2007872113760923, 0.8211409936759538, 0.5789755420757045, 0.40751585600347345, 1.1235946120966618, 0.061820652494746366, 0.9069355351772054, 0.9113024637127873, 2.7327496994676257, 1.719010564751851, 0.1014670328773299, 2.333413875550931, 0.40551422620645855, 2.1221655447861223, 0.4754152941582029, 1.5777493624802075, -18.962817572494156, 0.12459036045352352], [0.1117048225123774, 0.08468578946467566, 0.08504818547775335, 0.008632275361691323, 0.042714606820484315, 0.031970637044273956, 0.10399102305895194, 