{"sigma": 1.0, "states": 10, "transition_matrix": [[-2.324700593095641, 0.34349694596953595, 0.10628262933507847, 0.374804183086797, 0.3502682851482035, 0.310378888238924, 0.11645546872043844, 0.282616754976487, 0.18531979724538003, 0.2550776403747965], [0.3367739992468007, -1.7334768226174209, 0.03380930583270932, 0.24212973704310892, 0.25427695268343853, 0.09263970469140495, 0.11117999746313503, 0.0790118017769733, 0.2898040301100496, 0.29385129376980035], [0.4048050877778328, 0.4290142145906957, -2.7933339480579225, 0.33815872248626694, 0.0947255525972679, 0.5553608132472506, 0.53610978216725, 0.1979745143341724, 0.03845818250574279, 0.19872707835144318], [1.1107870102147415, 0.9032330049985872, 0.2612973121618936, -6.870517633384953, 0.06368610425635832, 0.9056428799017986, 1.1002707519369674, 1.3671894145608283, 0.728854713995331, 0.42955644135844767], [0.8054405830505924, 0.11650585176509876, 0.4022488326762703, 0.7138626631567978, -3.622336435804269, 0.35682665937519986, 0.0673967285084851, 0.5700737531819426, 0.18127072911859032, 0.4087106349712914], [1.2694141296435912, 0.5010967716571086, 0.3720676583542532, 0.37792383207363345, 0.44279577476169596, -6.19264689083361, 1.1382921823874577, 0.8728258542284482, 0.6182290276871067, 0.6000016600403157], [1.1995591420390803, 0.6058922486553107, 0.38374182706659654, 0.8385222166916352, 1.3731339031358745, 1.269720274432633, -9.602939491508272, 0.8708988220298266, 1.5571971714713242, 1.5042738859859899], [0.0653290480737494, 1.810716779843406, 1.1658343107495672, 0.7987437485575394, 0.5283410340020843, 0.7462222366758857, 0.3858578396009029, -8.82775750160858, 1.594099416393703, 1.732613087711741], [0.1659298787908847, 0.08968061323539975, 0.11202838255309672, 0.13749568641651003, 0.20142302740998794, 0.23965718365497987, 0.06492468655818068, 0.1562320738192554, -1.3177748021836293, 0.1504032697453343], [0.5307647018795539, 0.5707925283060253, 0.7906933517689534, 0.8583502310344812, 0.18908077493631173, 0.8805894615191547, 0.7803383426008836, 0.5421196879729183, 0.4147311389092988, -5.557460218927581]]}