{"sigma": 0.5, "states": 10, "transition_matrix": [[-8.098900614369441, 0.35709507022980375, 0.7983737940554148, 0.6177019964034075, 1.0578224334470525, 0.6981967606355609, 0.8954068676427006, 1.184573603780148, 1.1865053070999907, 1.3032247810753612], [0.6430259924419927, -5.149202219155139, 0.5311792075067239, 0.2969648053159292, 0.3659697978824383, 0.78316641846878, 0.4690101172777343, 0.699280118580271, 0.7554687772416881, 0.6051369844395821], [1.3009228660003505, 0.09947028103413738, -7.899506937291785, 0.056774119480168896, 1.2806915689412468, 0.8663797049311849, 1.275401651879059, 0.2070272562994237, 1.474894220463621, 1.3379452682625916], [1.8417379469712785, 0.17362020289145025, 0.17904544483993592, -9.849574049788544, 1.9612175437942203, 0.6383360630246591, 0.8900077649510915, 1.2960596623432197, 2.0605275361720397, 0.8090218848006453], [1.032572117598479, 0.47622605035114685, 0.20118854820380372, 1.151412418393837, -6.344970130131038, 0.5292002411249043, 0.23768367672437887, 0.46459547356494113, 1.1067198305599066, 1.1453717736096405], [0.9109626053685995, 0.9769539259697709, 1.0807014932204073, 0.0931481807133223, 0.2705776759304469, -7.821390830928459, 0.9850661005398949, 1.2094731445420972, 1.2308035433228663, 1.0637041613210532], [0.11353464100802164, 0.2413172758412331, 0.22319896822217533, 0.1478171733804268, 0.028264753203788254, 0.19798260207832794, -1.0715219916303815, 0.037853429318554836, 0.021058474527456527, 0.06049467405039746], [0.4358861389711684, 0.9076583460563871, 0.19883559329619593, 0.4669237735506122, 0.05518075348295619, 0.9143342594073746, 1.116365562641841, -5.2700328795805405, 0.018192369876169498, 1.1566560822978353], [0.11068483607469128, 1.7825739648485988, 0.4028357976008476, 1.457114430797152, 2.1328378029828015, 0.6096399177027196, 1.4352563260861981, 0.22871166014692607, -8.553823198984153, 0.39416846274421874], [0.1824371881209547, 0.21855837933928368, 0.05675578222954559, 0.20282382145163447, 0.02716440369620517, 0.12570823186535668, 0.05603639535817907, 0.1018935222099963, 0.21069833870860236, -1.182076062979758]]}