{"sigma": 0.1, "states": 20, "transition_matrix": [[-1.5324790308145633, 0.05968349021150587, 0.12271382262134443, 0.0843524583490248, 0.022774754361148314, 0.013236279936637833, 0.05393579525847892, 0.020444928211884702, 0.05903279369256343, 0.14188694308255065, 0.0684763937465574, 0.0015989580379787024, 0.17987199617744548, 0.05342421878351003, 0.1290148865363977, 0.10549168949215787, 0.07683083136840937, 0.16590938333221586, 0.057772329724799634, 0.1160270778899522], [0.11406517913464827, -2.50439149407946, 0.21021326477334767, 0.20559429432589554, 0.030521638063551477, 0.06150105915102945, 0.09156061200291639, 0.010477186648862085, 0.2826870705728508, 0.08018209727286733, 0.06701125556017633, 0.1763617057458484, 0.08247537139338958, 0.20816052110340283, 0.29889234166200374, 0.034885111450286097, 0.1857533331734648, 0.13205002436492339, 0.018971064659418498, 0.21302836302057704], [0.10627664702215198, 0.19154506213452754, -3.0758670062645015, 0.045320893002336396, 0.17737209023728367, 0.09040466148821343, 0.2122563449843228, 0.26702695670517335, 0.04629764971105645, 0.15227683740954026, 0.22929906243234727, 0.18016547591905463, 0.2505002050771341, 0.25215658556185344, 0.2225722164444034, 0.12377272158013236, 0.2331443237551884, 0.18485190593196338, 0.03553766139963905, 0.07508970546817978], [1.5787334239671078, 0.2659008837887106, 1.9336168200381858, -18.344711747375644, 0.28911076283622317, 0.6093192095991119, 0.06387908272147147, 1.3790464713340687, 0.5609320577697557, 1.2130513172786634, 0.13780474318208702, 1.0327911063037796, 1.6059264849288208, 1.4516961536224653, 1.0347120821676565, 0.1946029454629366, 0.238620496351413, 0.8724441555392489, 1.9872523159316138, 1.8952712345523188], [1.0920710221010688, 1.105901127794165, 0.743516226492653, 0.50840825661131, -18.9777233459686, 1.2660385302061503, 1.3371086424461984, 0.5268574357476953, 0.14629816743440704, 0.5529724454988304, 1.5904612282802413, 0.8169453378573783, 1.019962928323981, 1.514836172777484, 0.8022968644179328, 1.3862607801638243, 1.4806465377110627, 1.5217992776483888, 0.8724810842203193, 0.6928612802355081], [0.04001221426376414, 0.3277258163819652, 0.687835916761681, 0.1328093112155655, 0.3409801545919123, -6.562699259661487, 0.22463930355408243, 0.00928404096980563, 0.7559133666651038, 0.6397206784995461, 0.40325273073295176, 0.3844888478778241, 0.3646891523643674, 0.055291494080072015, 0.24451658655267042, 0.5970862574037252, 0.4119175516271157, 0.523987840512825, 0.19229622197061527, 0.2262517736358943], [0.25357728815760683, 0.2564861570770161, 0.3826635050302587, 0.9771920246485035, 0.956971969060442, 0.811363077466266, -8.5363577356218, 0.023128789476523356, 0.08260023339107322, 0.14125400357742712, 0.09871070805689973, 1.0004814315218107, 0.15698027888868665, 0.7947840124633395, 0.25911893846607603, 0.3839104469648641, 0.49571684720560066, 0.73292523577596, 0.2582695825732679, 0.4702232058201794], [0.010432528947905752, 0.14984413305444616, 0.13960315864728004, 0.14268778347432737, 0.1319935369835235, 0.16495488343110468, 0.052112872580184995, -1.7566005092733368, 0.048829454133012824, 0.08705356516633804, 0.07746697036917159, 0.07031505983681931, 0.023629663690971605, 0.09999522106319529, 0.05823226290659701, 0.02617235186347493, 0.1869357651707298, 0.20348975302501768, 0.022939432198901592, 0.059912112730334414], [0.4897938411044503, 1.3364269946970138, 0.09668698144521062, 1.0816025706270325, 0.7178988273147432, 0.8043504545828472, 1.4060946988205434, 0.6882034216078343, -12.84374868319256, 0.29889238491209164, 0.512067563068574, 0.07699228935686865, 1.2747784257623405, 0.7879401577688395, 0.2612206030373659, 0.6853323376705516, 1.0893888263436582, 0.18633270340936528, 0.321212708553074, 0.7285328931101565], [0.0341327048425401, 0.662817455462029, 0.006694776895753766, 0.9675069035232393, 0.8472567990750796, 0.7884427392238548, 1.233648947993163, 0.6068733697603795, 1.1538807354687484, -14.59001797831675, 0.8288491752194106, 0.8191177349362452, 1.0221473159145997, 0.8150134259149563, 0.1917769424494575, 0.9717580330908884, 1.1443510375991461, 1.032052860591245, 0.5327108255375309, 0.9309861948184815], [0.33953314027621634, 1.4871552986527754, 1.048756273850713, 1.470372498264174, 1.2840419567597632, 0.5387676108299992, 0.779805244478802, 0.759570214078062, 1.2522651457295044, 1.1674971410131905, -17.66565754521425, 1.6646518895397209, 0.45451785291008284, 0.9468581631745062, 1.1970634111591947, 0.6060771929823613, 0.5565306489792058, 1.2522642599905651, 0.13658173534316914, 0.7233478672022416], [0.20014822232107474, 0.21194420813844403, 0.1352487647232914, 0.24163133648492452, 0.016140378272427338, 0.15031008851005453, 0.04602290157532762, 0.22815965572290745, 0.24535384390702522, 0.29465241879801457, 0.2990400384952466, -2.8106492710887148, 0.2568500603303151, 0.058805561274715965, 0.022599785670310624, 0.05260394117436072, 0.16521086557226017, 0.037773679410763074, 0.09498160405394754, 0.05317191665330336], [0.09703814608490184, 0.5792531508375987, 0.6380772962549625, 0.29491710589788556, 1.3639354522817337, 0.48924357978345906, 1.3626538717912657, 1.462001017022744, 0.3925762876342725, 0.523201978691651, 0.2723988060620493, 0.7522529168436058, -13.280928865800746, 0.9902650651327388, 0.5976637683495474, 1.1859765299471436, 0.5743965793484028, 1.0961579178703846, 0.11792632111703598, 0.49099307484936705], [2.3398159102342047, 1.6119969160028496, 1.9620789404190355, 0.4054222276182858, 0.6059918633024107, 0.2061562293160342, 0.4714740845770739, 1.4618912946391982, 0.7164616083888788, 0.08063751332379922, 0.27160785007965554, 0.4160483718082335, 2.0691652910327574, -19.378139833330327, 1.356342771197971, 0.8751909295853979, 1.5796965091451047, 0.3593005212473576, 0.8651600836377427, 1.7237009177743319], [0.8097170162934294, 0.7895130394062968, 0.599016195016287, 0.23026046912968046, 0.729864019018859, 0.45074792022436727, 1.9563270871654024, 0.9506928240012394, 0.4024374300848793, 0.6939481790860975, 0.11195548446898156, 1.7480722043650132, 1.8565935683037886, 0.8753443449436329, -17.89190231655157, 1.1816259370564408, 1.9362972126281388, 0.1342333826594809, 1.0976941994394986, 1.337561803260055], [0.04069589453343885, 0.022690110520670936, 0.0204119606822192, 0.04130300948054885, 0.18468315544647224, 0.19599934539195998, 0.19339355720532445, 0.06424457087685265, 0.03447634528239031, 0.05392007090220299, 0.20756828286513926, 0.07228584956302467, 0.07880354065901346, 0.1275366442085401, 0.18728942608398563, -2.0427165882364373, 0.2145008230227914, 0.052717198892080076, 0.12735953611272977, 0.12283726650705222], [0.8090160758803474, 0.7541973741766741, 1.0002751984225287, 0.5861767394212773, 1.0859176704555515, 1.01211603871235, 0.9720899638069866, 0.12852944005890524, 1.129674125709037, 0.7817711879211294, 0.42594251953896173, 0.6796932885995022, 0.9315120737787657, 0.6247405325618749, 0.19332673278874954, 0.5249307920037786, -14.151081574771615, 0.9462004217450525, 0.8786549082501084, 0.6863164909400369], [0.06825381109303898, 0.1949218776442271, 0.20534179565100746, 0.17470809923603725, 0.18394805668983727, 0.18844582851775796, 0.2011731010858827, 0.20304667818193925, 0.2079194683687521, 0.11879447606620462, 0.005681794795194771, 0.20470791501310498, 0.13055234472778265, 0.19666239395649182, 0.1757125180235824, 0.16260977724839737, 0.011368554577607576, -2.765913314253556, 0.03322290713984242, 0.09884191623686762], [0.4351283676707114, 1.7705746341171604, 0.9933278278205554, 1.7426509828675747, 0.8713702460199368, 1.0388678673149694, 0.4278149643789579, 2.3945578146805437, 0.41360134608625393, 0.364367430875942, 1.566211253036266, 0.986135332298592, 0.5920864503735416, 0.07179772056717326, 0.37639223906424196, 0.8008440995192857, 0.9311522481749127, 0.6209209863891311, -17.538705759233075, 1.14090394797733], [0.5454045806004677, 0.6258356063140491, 0.9713239839616368, 0.3541818064126681, 0.13954010750021678, 0.18434279389918065, 1.118081220729977, 