{"sigma": 1.0, "states": 5, "transition_matrix": [[-4.342523117371769, 0.7479085080025664, 0.8644383139812979, 0.6001006277002754, 2.130075667687628], [0.10002996879434584, -1.4727405902042352, 0.2900208650237648, 0.3533856973677731, 0.7293040590183515], [0.030585760706763786, 0.5449030201275199, -1.784592802573568, 0.9520948385726297, 0.2570091831666547], [0.15410242295779342, 0.27024795641694366, 0.49180593227168157, -1.4857401918216895, 0.5695838801752707], [1.359190430331022, 0.7708588960709686, 1.0536829375007053, 1.6365026683393435, -4.820234932242039]]}