{"sigma": 0.15, "states": 10, "transition_matrix": [[-1.5174438090369415, 0.21097109891307927, 0.3280509675890064, 0.11094628896158977, 0.12457667379314982, 0.11914871444046746, 0.01456218464435236, 0.23444326699176424, 0.31748090403556695, 0.057263709667965006], [0.16235799826115427, -2.0052002119098202, 0.07100772302188445, 0.405994150858594, 0.43513136697367105, 0.38242611817117933, 0.0029213987019296914, 0.06252157238105413, 0.2016066036335401, 0.28123327990681346], [0.2084556924754452, 0.3960891321947048, -4.2531589271371075, 0.8146882225430794, 0.6457138779105045, 0.7670826480189826, 0.5622900967558241, 0.11782311961938095, 0.48773243544003486, 0.2532837021791509], [1.0072914441867993, 1.4264095206253276, 0.8777973986266416, -8.692677099272135, 0.957072278834742, 1.1957002970411958, 0.7038998771941004, 1.7544735912195104, 0.4024609001102173, 0.3675717914335994], [0.18368468977600783, 0.3811892057622348, 1.2044833638901946, 0.003651304733412327, -6.766855635215749, 0.41690979842954734, 0.6781762631504104, 1.3632880761861808, 1.2385108466816834, 1.2969620866060767], [0.42363705601408447, 0.3324990238944578, 1.7076910024092093, 2.238903652615432, 1.7442716705674526, -9.159428846895278, 1.1792199355013502, 0.18323911368929693, 0.5804715661533254, 0.7694958260506705], [0.5290189971017966, 0.032837686310022145, 0.7354429227850261, 0.6826963773003031, 0.4967208866203109, 0.6687732728280141, -4.6774207149779325, 0.315893459573339, 0.456423683682068, 0.7596134287770523], [0.14830978696827551, 0.5493226771606594, 0.7601849343289948, 0.0557989839819134, 0.5383840777683135, 0.4212680721704941, 0.5396356631639591, -3.9470839576279175, 0.5862671279843987, 0.3479126341009093], [0.5078300593260572, 0.05704425901400042, 0.8860036544607435, 0.7073851857357274, 0.48982806961312014, 0.15232700249089068, 0.2714126497013542, 0.08903480470352815, -3.7063979274930374, 0.5455322424476157], [0.21542604947402888, 0.03594167711451644, 0.4871899823651359, 0.5565477582926215, 0.48046888002556826, 0.7135877163447393, 0.16716151668765963, 0.556009961374826, 0.6228383462330667, -3.8351718879121623]]}