{"sigma": 0.5, "states": 5, "transition_matrix": [[-4.821134629303357, 0.1517890031617026, 0.09003688139830068, 1.9625360288628622, 2.6167727158804923], [0.5948073718378247, -3.0893904746685923, 0.8130829062576292, 1.2934339845320455, 0.38806621204109354], [1.2076871595848804, 1.2274383162955114, -3.822092162437317, 0.5378531696210735, 0.8491135169358517], [0.33636150876457566, 0.5464940820585714, 1.0563503523855098, -3.2313626582629666, 1.2921567150543098], [0.2873041770351808, 0.45145739598737566, 0.9615904684891978, 0.07075132251727488, -1.7711033640290292]]}