{"sigma": 0.15, "states": 5, "transition_matrix": [[-4.549445940256378, 0.8739252276846897, 1.4541651570902616, 1.6870633868603921, 0.534292168621035], [0.12134459099428122, -1.4383911480717408, 0.3991893798241242, 0.017229268231552863, 0.9006279090217824], [0.7243038820047195, 0.6000166652855464, -2.780289213256517, 0.6835027137532967, 0.7724659522129541], [1.4173197967725286, 0.2365443619596902, 1.532189165016339, -4.451625749615189, 1.2655724258666314], [1.4702206008237697, 1.1281576311739028, 1.148568104617616, 0.4205728923170951, -4.167519228932384]]}