{"sigma": 0.1, "states": 5, "transition_matrix": [[-1.6472414319133524, 0.11516696377684071, 0.4172043502718115, 0.162497697719316, 0.9523724201453838], [1.7838703135300054, -3.95170474020867, 0.6076437633914054, 1.1597057265547708, 0.4004849367324866], [0.5724386900664746, 0.2714538155614093, -3.0738591156454445, 1.4540583406589094, 0.7759082693586511], [0.18375665539598265, 1.0874626760967534, 1.0331887500186223, -2.8378803667549035, 0.5334722852435453], [0.10429650415442965, 0.4355489101642849, 0.43911527439591624, 0.37773559904092946, -1.3566962877555602]]}