{"sigma": 1.0, "states": 10, "transition_matrix": [[-8.80906781829612, 1.1343782076237037, 0.6594096616881295, 0.8892746009013622, 1.0232261895117638, 1.6217299823811195, 1.1052309223698409, 0.16002299796843902, 0.9029781799774916, 1.3128170758742685], [0.6479709883902522, -4.425881661123734, 0.7639867917615075, 0.142417861371427, 0.3004423043569304, 0.6250425426338895, 0.7048955757133584, 0.30061673759446395, 0.4645284837648326, 0.47598037553707223], [0.15156497328952367, 1.4885433448645002, -9.20884892199074, 1.4437481322188503, 0.3492082108098178, 0.953606831850381, 1.2696656174817345, 0.7548479107444372, 1.625589621894373, 1.172074278837121], [0.3548656281134507, 0.03161275718011349, 0.2688531982976442, -2.0527326462156497, 0.016108352825645093, 0.4904625426571073, 0.14936010321708387, 0.052632029818237495, 0.1970052382106719, 0.4918327958956955], [0.12378102975327412, 0.14176165110423442, 0.5172698649934514, 0.47303972685510887, -3.2161936050679434, 0.4754613613884308, 0.1890150962141407, 0.37591896545829534, 0.5363537484533147, 0.38359216084769293], [0.6267870679261401, 0.4369516307427736, 0.6911395753252563, 0.708673130089261, 0.8390681903604951, -6.75639060595185, 0.4377579857327266, 1.053397396298092, 0.9043561606644183, 1.058259468812688], [0.42057394877877907, 0.011235636274424834, 0.006558889216324666, 0.37071162404041513, 0.35646402594588733, 0.7078016645509555, -3.426745495445755, 0.5790532731444293, 0.4765399726667528, 0.4978064608277866], [0.7457281819384641, 0.3381152129843849, 0.3875088955198152, 0.14831263280571708, 0.6329679971729704, 0.3847500779344683, 0.4230363104383716, -3.7740341834480216, 0.44953574513514194, 0.26407912951868806], [1.4641118131416788, 0.41371642325295255, 0.1598742889791151, 1.592583582679101, 1.2076322493775642, 0.6545934592324777, 0.6019711685687725, 0.6106820481046957, -6.983544486477998, 0.27837945314164186], [0.8467969589051485, 0.44408874130776366, 1.066787615148011, 0.44103634545036097, 0.7448630591684823, 0.42725551818658825, 0.693293935403852, 0.2976696744332372, 0.8488467548406561, -5.8106386028441]]}