{"sigma": 0.75, "states": 10, "transition_matrix": [[-5.285632923602559, 0.062062134119466886, 0.4176636897503011, 0.742672015233764, 0.49252410627449583, 0.8796519665296159, 0.9181418286744601, 0.8383127984741673, 0.5654467361711353, 0.3691576483751527], [0.3743887628528641, -4.159167493237701, 0.10295488290562925, 0.38697087961509263, 0.4632781329529443, 0.5643390707804297, 0.6228663918676066, 0.5095347544683361, 0.7177501661237206, 0.4170844516710785], [0.749535206384651, 0.5121320990681619, -5.252069950635961, 0.7633356308196513, 0.4838451913231576, 0.601753719400016, 0.5314259405990726, 0.2179473535061631, 0.7584319653736873, 0.6336628441613991], [1.2719959916078571, 1.4841753234652717, 0.6224982140184288, -8.819950608821472, 1.0628307098566439, 1.0835797181285076, 1.3920658756927389, 0.894288419702261, 0.7976650003662565, 0.21085135598350527], [1.0455444335863324, 1.336040851113852, 1.6944331359122642, 0.33351196032771613, -7.798274804556772, 0.16178708802646072, 1.0489491602141388, 0.8614700767291844, 0.26943089315986474, 1.0471072054869586], [0.29070983116347926, 0.502939196476666, 0.36437138718489653, 0.16483312539501888, 0.7733471345609298, -5.473419999308011, 1.0742160890903918, 0.7583127255735473, 0.35602893274967423, 1.1886615771134073], [0.9318933096242137, 0.8760112973203127, 1.3313409097572928, 0.4453513159127786, 0.4971588488349936, 1.0203141370607407, -7.37051345039555, 0.12793695589338802, 0.591988901543687, 1.548517774448141], [0.6736735911913411, 0.3874790094284276, 0.340497453422051, 0.056169632205325566, 0.6368421295297542, 0.5116982677986059, 0.6707441580773533, -3.799797809121375, 0.3900022604215738, 0.13269130704694232], [0.4335194657198589, 0.12863343909517014, 0.23019851209026843, 0.26476354083307146, 0.4126476766399071, 0.17686268235241545, 0.15631982303858505, 0.17631719536395438, -2.456751766008012, 0.47748943087478063], [0.09757211287449226, 0.341938296637627, 0.30880865208242964, 0.050767519898986056, 0.25181622975594753, 0.22217087286446396, 0.23729949200217043, 0.14587005872436767, 0.07824499113377197, -1.7344882259742564]]}